date,8TPD,4TPD,3TPDnight,3TPDday,hourly
2014-12-31,,,,,
2015-01-01,,,,,
2015-01-02,,,,,
2015-01-03,,,,,
2015-01-04,,,,,
2015-01-05,,,,,
2015-01-06,,,,,
2015-01-07,,,,,
2015-01-08,,,,,
2015-01-09,,,,,
2015-01-10,,,,,
2015-01-11,,,,,
2015-01-12,,,,,
2015-01-13,,,,,
2015-01-14,,,,,
2015-01-15,,,,,
2015-01-16,,,,,
2015-01-17,,,,,
2015-01-18,,,,,
2015-01-19,,,,,
2015-01-20,,,,,
2015-01-21,,,,,
2015-01-22,,,,,
2015-01-23,,,,,
2015-01-24,,,,,
2015-01-25,,,,,
2015-01-26,,,,,
2015-01-27,,,,,
2015-01-28,,,,,
2015-01-29,,,,,
2015-01-30,,,,,
2015-01-31,,,,,
2015-02-01,,,,,
2015-02-02,,,,,
2015-02-03,,,,,
2015-02-04,,,,,
2015-02-05,,,,,
2015-02-06,,,,,
2015-02-07,,,,,
2015-02-08,,,,,
2015-02-09,,,,,
2015-02-10,,,,,
2015-02-11,,,,,
2015-02-12,,,,,
2015-02-13,,,,,
2015-02-14,,,,,
2015-02-15,,,,,
2015-02-16,,,,,
2015-02-17,,,,,
2015-02-18,,,,,
2015-02-19,,,,,
2015-02-20,,,,,
2015-02-21,,,,,
2015-02-22,,,,,
2015-02-23,,,,,
2015-02-24,,,,,
2015-02-25,,,,,
2015-02-26,,,,,
2015-02-27,,,,,
2015-02-28,,,,,
2015-03-01,,,,,
2015-03-02,,,,,
2015-03-03,,,,,
2015-03-04,,,,,
2015-03-05,,,,,
2015-03-06,,,,,
2015-03-07,,,,,
2015-03-08,,,,,
2015-03-09,,,,,
2015-03-10,,,,,
2015-03-11,,,,,
2015-03-12,,,,,
2015-03-13,,,,,
2015-03-14,,,,,
2015-03-15,,,,,
2015-03-16,,,,,
2015-03-17,,,,,
2015-03-18,,,,,
2015-03-19,,,,,
2015-03-20,,,,,
2015-03-21,,,,,
2015-03-22,,,,,
2015-03-23,,,,,
2015-03-24,,,,,
2015-03-25,,,,,
2015-03-26,,,,,
2015-03-27,,,,,
2015-03-28,,,,,
2015-03-29,,,,,
2015-03-30,,,,,
2015-03-31,,,,,
2015-04-01,,,,,
2015-04-02,,,,,
2015-04-03,,,,,
2015-04-04,,,,,
2015-04-05,,,,,
2015-04-06,0.0,,,,0.0
2015-04-07,0.0013484465809756063,0.002853544108319582,0.003125059031179598,0.0002715149228600159,0.00017792099552621754
2015-04-08,0.000821630539055223,0.0022536838396042926,0.0019843647447415473,0.00026931909486274577,0.00157014068206557
2015-04-09,0.0,0.0,0.0,0.0,0.002852274563057144
2015-04-10,0.0,0.0,0.0,0.0,0.0
2015-04-11,0.0,0.0,0.0,0.0,0.0
2015-04-12,0.0,0.0,0.0,0.0,0.0
2015-04-13,0.002947384773210388,0.0,0.0,0.0,0.002569953474525655
2015-04-14,0.000417909791552946,0.0,0.0,0.0,0.0005121036038618569
2015-04-15,0.001088188892793027,0.00018480498539944932,0.0022543534271555836,0.0020695484417561348,0.0033882744404019087
2015-04-16,0.0005497172366371212,0.0,0.0,0.0,0.0027212405301112056
2015-04-17,0.006819551345106212,0.0,0.0,0.0,0.004481784450889786
2015-04-18,0.00046612461833714787,0.0006520983057636319,0.0008817662737980796,0.00022966796803444755,0.00014165697000854632
2015-04-19,0.0,0.0,0.0,0.0,0.0018294564821319413
2015-04-20,0.0,0.0,0.0,0.0,7.517431446347293e-06
2015-04-21,0.0,0.0,0.0,0.0,0.0
2015-04-22,0.0,0.0,0.0,0.0,0.0
2015-04-23,7.944385158978047e-06,0.0,0.0,0.0,0.000549314231950435
2015-04-24,0.04174661295587664,0.035291959312882266,0.035291959312882266,0.0,0.04151472974175828
2015-04-25,0.0017798193216313008,0.019941875897098078,0.019941875897098078,0.0,0.0013750472158981955
2015-04-26,0.01749986089183004,0.01805216307468137,0.0007596616422794965,0.01881182471696087,0.022685029206514093
2015-04-27,0.017588591446492947,0.060547006028525766,0.021632971771623637,0.03891403425690212,0.020070607545201777
2015-04-28,0.11553439485015095,0.005573532342406859,0.022669146672537135,0.017095614330130265,0.24396394484892794
2015-04-29,0.01226899550366153,0.016603860490479606,0.00021470787900912652,0.016389152611470482,0.010245443288212995
2015-04-30,0.06280602001525587,0.011917154683310588,0.0005540848305766832,0.012471239513887272,0.1343451578902507
2015-05-01,0.0036606993598849516,0.00603917984025238,0.0028250833516727837,0.008864263191925164,0.012606494871541751
2015-05-02,0.11305801087319188,0.012742088421448097,0.007054353450129991,0.005687734971318109,0.02352601160585076
2015-05-03,0.05774530079637066,0.023071052105996036,0.007617290152537487,0.015453761953458553,0.04865892619699199
2015-05-04,0.02227594938144392,0.030226366058857673,0.014891937996995338,0.045118304055853015,0.025667811813661023
2015-05-05,0.055512517510309854,0.018921775929747656,0.03234841612487473,0.01342664019512707,0.059132549335324205
2015-05-06,0.002769120388141172,0.07749428151120528,0.054223152076716546,0.023271129434488752,0.02605780354498772
2015-05-07,0.03118113166607029,0.05012277983641443,0.024929046282528285,0.025193733553886127,0.011454162356830713
2015-05-08,0.06511268211988039,0.07232134455415151,0.020570713830878065,0.05175063072327346,0.08211701494698734
2015-05-09,0.3600192052513978,0.10222278924286576,0.0409424830621921,0.061280306180673594,0.5205012481388249
2015-05-10,0.0935882928436425,0.047068934718231675,0.004464985015733766,0.042603949702497895,0.20150777295871114
2015-05-11,0.04114967344438861,0.007842207840426968,0.035246686048019484,0.027404478207592536,0.06050285637463324
2015-05-12,0.16177227655922763,0.18505105826226034,0.015517046364654887,0.16953401189760553,0.12017049217548376
2015-05-13,0.1666951215144058,0.10601353580222372,0.0016742989431017472,0.1076878347453254,0.11009591637512843
2015-05-14,0.12566633626238927,0.017922157055400456,0.04990151126673136,0.06782366832213182,0.19470353002044946
2015-05-15,0.26163755707143393,0.04115569628002402,0.035545177745410314,0.0056105185346138065,0.39144449464787096
2015-05-16,0.16966999101080518,0.0268639696812234,0.07058899037279287,0.04372502069156958,0.15927071042438076
2015-05-17,0.3506908797568665,0.06791236333131945,0.041498341147614415,0.10941070447893397,0.23530971697676545
2015-05-18,0.11365193720463093,0.19928677470506403,0.0005488898406899017,0.19873788486437413,0.1045161545446683
2015-05-19,0.9120260980067425,0.6866915276318102,0.08862599968458093,0.5980655279472294,1.1077547588946997
2015-05-20,0.30577356252204646,0.19536204750013775,0.0224479593768677,0.21781000687700555,0.5315282038875764
2015-05-21,1.5240963918258124,0.5021639941465261,0.017771220710797616,0.519935214857324,1.631568989201717
2015-05-22,0.13874379123505276,0.13096145632504394,0.11863353202208791,0.24959498834713184,0.008222527591077448
2015-05-23,0.06814541921201525,0.10706065890626704,0.0027989006173507807,0.10985955952361784,0.16246489049231816
2015-05-24,0.1335865323414348,0.07470774968114206,0.01637890463723904,0.09108665431838112,0.17284155599343737
2015-05-25,0.15989964711152815,0.04710558975546403,0.012437619453663774,0.03466797030180023,0.32240052872760405
2015-05-26,0.2033614520337144,0.10606645914194202,0.0051551086740909986,0.1112215678160331,0.20448872739820143
2015-05-27,0.6810664098918403,0.3136602534066936,0.0008309697545360005,0.3128292836521575,0.6546684772865884
2015-05-28,0.017902614017628563,0.2275357452686113,0.07968326963726269,0.14785247563134873,0.18490460181174717
2015-05-29,0.05234162432377362,0.06340742230893955,0.0032021324641775466,0.060205289844762006,0.14793634926350574
2015-05-30,0.304179630299313,0.23551535903538545,0.027281857832190087,0.2627972168675755,0.2290718950603456
2015-05-31,0.6139209998466852,0.34996537013249773,0.03781055540597521,0.38777592553847295,0.7411228941693858
2015-06-01,0.10602985580313706,0.04403458590690723,0.019379080419099408,0.06341366632600662,0.22725910755082646
2015-06-02,0.18400473761139152,0.22463773917234803,0.04178355925923173,0.1828541799131163,0.2192907314153868
2015-06-03,0.08123675833212751,0.04615339797063404,0.0,0.04615339797063404,0.10080258822423299
2015-06-04,0.6199430436575153,0.5053585019036821,0.026856785892982758,0.532215287796665,0.6071411251972277
2015-06-05,0.5032695916540403,0.13306623213559443,0.08164479602480351,0.05142143611079075,0.6113121141023423
2015-06-06,0.7248878542608249,0.33341189826763884,0.13302096087394344,0.2003909373936954,0.8750076551611384
2015-06-07,1.0518143446839625,0.7226272268111198,0.3702783354677756,0.35234889134334435,1.132573738676844
2015-06-08,0.8556068563003689,0.3667424728294384,0.24198725166962684,0.12475522115981175,0.8454704344633229
2015-06-09,0.8833247910585688,0.38753977265003425,0.16644613631313093,0.22109363633690315,1.0257165523587957
2015-06-10,0.12005863011762066,0.1765184429714185,0.15333841677857782,0.023180026192840653,0.2888957374746244
2015-06-11,0.4644434070093544,0.09954484367402427,0.12083251670388637,0.22037736037791067,0.6221050876105163
2015-06-12,0.25778545447091544,0.20107238263327915,0.05467310022047271,0.2557454828537518,0.6801238864974666
2015-06-13,0.33640659156929303,0.07009912078637992,0.09053050083650822,0.16062962162288796,0.31136541723857203
2015-06-14,0.11448761700927701,0.21704472096766247,0.014864595247178605,0.2319093162148409,0.07811183087262191
2015-06-15,0.928685631867329,0.5057343291198402,0.030420144337014846,0.5361544734568553,0.7880540196795514
2015-06-16,0.3213991976517691,0.018068531235621743,0.10714081116667623,0.12520934240229797,0.2525993522825406
2015-06-17,0.558134741570023,0.8215420113020757,0.4902959636972159,0.33124604760485976,0.4314134694230586
2015-06-18,0.4240812860556399,0.10651445872974197,0.1045700280963725,0.2110844868261148,0.3358843608375517
2015-06-19,0.8771349798006158,0.47054298601594,0.024871435983362056,0.4456715500325781,0.8831399512027268
2015-06-20,0.7444864785818518,0.2582568233766309,0.07907506406609774,0.17918175931053337,0.7972575673914932
2015-06-21,1.175404590660198,0.8136398675799534,0.05925614938997696,0.7543837181899765,1.2904558576821772
2015-06-22,0.17961420160374897,0.3468082730557768,0.3454408778208854,0.0013673952348913776,0.3070178551000276
2015-06-23,0.5024976491754558,0.3364506909356343,0.02257215597961365,0.3590228469152477,0.47387295445298505
2015-06-24,0.06745621913359702,0.01294847316755731,0.0016526557839618445,0.014601128951519153,0.22226694674157613
2015-06-25,0.02493914155439083,0.0021305273093151778,0.00318222979965101,0.005312757108966185,0.11490261258617032
2015-06-26,0.11270654675080544,0.06899814393158743,0.044119124800943536,0.11311726873253092,0.22961473634515922
2015-06-27,0.26877238288335736,0.0343199077556684,0.06354902102383883,0.09786892877950737,0.082125588883992
2015-06-28,0.0985031369759563,0.0029468937158310116,0.048986058796943135,0.0519329525127743,0.09059919358126953
2015-06-29,0.3086217379446746,0.19556685769131343,0.0845487854941452,0.11101807219716786,0.3381760503543748
2015-06-30,0.49730877139232127,0.6623411639821297,0.06047527092306158,0.6018658930590686,0.190331513539858
2015-07-01,0.9337883537737943,0.31859400414780614,0.07386084602509259,0.3924548501728986,0.93746340217084
2015-07-02,0.6775830871535862,0.4747928016471752,0.031616959859573524,0.44317584178760194,0.5673150862318516
2015-07-03,0.7047796818839593,0.15477399618247212,0.04663601632508385,0.10813797985738827,0.7918375783429878
2015-07-04,0.15669799691197556,0.32775403816915494,0.25519064005658953,0.07256339811256537,0.37268632698226967
2015-07-05,0.20697134259606448,0.08190456323477946,0.24340044179995557,0.32530500503473503,0.576769810987392
2015-07-06,0.06541513566408139,0.07480285978517973,0.007252158902812368,0.06755070088236739,0.15958915249840955
2015-07-07,0.018629154533082865,0.007020936714692637,0.00491352295651408,0.00210741375817855,0.31920715289058665
2015-07-08,0.5368985156661621,0.05934017879923037,0.1083669722483369,0.1677071510475672,0.5691376161347286
2015-07-09,0.0026212291106852414,0.15427205994192825,0.07933917129253508,0.07493288864939317,0.12352857668771551
2015-07-10,0.38595512567392176,0.3985761353846142,0.0012731474230004858,0.3998492828076148,0.23293538110534906
2015-07-11,0.10377813587202404,0.024501969490010864,0.0015436582832891342,0.0260456277733,0.2094527343166131
2015-07-12,0.17324818740312103,0.11170483970080136,0.011862528139672502,0.12356736784047384,0.025335070794599023
2015-07-13,0.495357179858595,0.597756275030563,0.024076683922130304,0.6218329589526932,0.2681341690751525
2015-07-14,0.7278228142326447,0.28773756961393415,0.06275007993899243,0.35048764955292677,0.7022323492374823
2015-07-15,0.12580197586358877,0.11352250755106617,0.07431947460927457,0.03920303294179161,0.36416618899444586
2015-07-16,0.44426041640257774,0.15694608859067505,0.005977056941045332,0.15096903164962971,0.28215252508400024
2015-07-17,0.4216906173340167,0.5222075124586845,0.06406955071069664,0.586277063169381,0.32869469724329203
2015-07-18,0.49281013177114474,0.08827309025892616,0.12030295525390457,0.2085760455128307,0.4867530727074582
2015-07-19,1.3379235787282182,0.8891051019471661,0.16880315800226614,0.7203019439448997,1.2234318458437567
2015-07-20,0.9684187139276688,0.45205092598252655,0.0013826604407427678,0.4534335864232693,1.0849936335910444
2015-07-21,0.36469654628064657,0.4653296948425789,0.0244070627563999,0.48973675759897883,0.4450504067417879
2015-07-22,0.5106401701230388,0.12145482076476544,0.039562589684466666,0.16101741044923212,0.5276086467215106
2015-07-23,0.29371400413162363,0.07590429450182948,0.09046227580603368,0.16636657030786314,0.5478707007039018
2015-07-24,0.0033684544379212304,0.005948462333175314,0.0010273545042653437,0.006975816837440657,0.024626992632697856
2015-07-25,0.26469323293440256,0.29044630510481273,0.011906504791561068,0.3023528098963739,0.033048003661714606
2015-07-26,0.04170219737023767,0.06451218880215048,0.09494378413675782,0.15945597293890834,0.04352073447598751
2015-07-27,0.3598885252762786,0.44081009850464525,0.029870700055555883,0.47068079856020106,0.2827145678949378
2015-07-28,0.15440505127184612,0.2780629815878308,0.06421990208173879,0.34228288366956927,0.16304895324617222
2015-07-29,0.12287103327134977,0.21314099666429442,0.009972532956967898,0.2231135296212623,0.11173685011966157
2015-07-30,0.4888053808091876,0.08483747608926628,0.08614569067094864,0.1709831667602153,0.6636705610446383
2015-07-31,0.4613420776643038,0.406949925124304,0.1114025253355903,0.29554739978871347,0.39230633637023515
2015-08-01,,,,,
2015-08-02,,,,,
2015-08-03,,,,,
2015-08-04,,,,,
2015-08-05,,,,,
2015-08-06,,,,,
2015-08-07,,,,,
2015-08-08,,,,,
2015-08-09,,,,,
2015-08-10,,,,,
2015-08-11,,,,,
2015-08-12,,,,,
2015-08-13,,,,,
2015-08-14,,,,,
2015-08-15,0.9553542213319266,0.0038883192340937642,,0.23848311115179982,0.9164732343399464
2015-08-16,0.32909988474887397,0.0820207582546737,0.012754781079933258,0.06926597717474037,0.4228383247163778
2015-08-17,0.22264943718071972,0.03661911647132121,0.04097489566784257,0.07759401213916384,0.4201514124280339
2015-08-18,0.3530441007494289,0.20134385584583314,0.04989667590987232,0.15144717993596069,0.31043720037226064
2015-08-19,0.31692332783167343,0.06064981035584105,0.03664045537646662,0.09729026573230781,0.4535266806304274
2015-08-20,0.2643223887068997,0.33671099720473996,0.03919332381034625,0.29751767339439406,0.20053136364003643
2015-08-21,0.21466449222929418,0.22858419602613034,0.05637215865459947,0.1722120373715308,0.29608999613067877
2015-08-22,0.13565614613730553,0.28254160864230893,0.09434997522011068,0.3768915838624196,0.3001998334344958
2015-08-23,0.1053838260354567,0.029401596379240683,0.0007942465937578745,0.028607349785482794,0.1587847096805165
2015-08-24,0.2600376098435371,0.11061165266929987,0.0007820028188784465,0.11139365548817831,0.43812514505087924
2015-08-25,0.011083963411422482,0.06053980097924072,0.03457709980345355,0.0951169007826943,0.16678948210081923
2015-08-26,0.6274604999653652,0.456622084469803,0.03489841327768,0.4915204977474831,0.61281622305245
2015-08-27,0.28389601574067225,0.04433583990249612,0.16542226971240634,0.1210864298099103,0.3186694552748891
2015-08-28,0.45080927820136957,0.12425624748889585,0.03443051545193923,0.15868676294083506,0.5509905081797526
2015-08-29,0.6268229098228015,0.3896207238576106,0.037125485252792884,0.3524952386048177,0.8090691655994972
2015-08-30,0.321946475510222,0.24400673365448233,0.039246978015300055,0.20475975563918236,0.4217268245954668
2015-08-31,0.01437270367272403,0.05901993834936825,0.009504781817186489,0.04951515653218164,0.025984371974643764
2015-09-01,0.0896365284105386,0.0003429306460279724,0.006203437021659902,0.006546367667687791,0.09009978144733687
2015-09-02,0.0054701348956475646,0.12950649595352082,0.08023528441830927,0.049271211535211634,0.024503966962868873
2015-09-03,0.07920643316948908,0.06352782418216496,0.0003269074682019646,0.06320091671396288,0.001607291655686018
2015-09-04,0.13127693331346454,0.008602843892048698,0.003196347464882816,0.011799191356931514,0.21293505423432624
2015-09-05,0.04267278149709701,0.011597125837357575,0.002053169222843219,0.013650295060200792,0.046888584361640076
2015-09-06,0.05794373553899137,0.01985363366803171,8.143854750722317e-05,0.019772195120524486,0.11857290701185219
2015-09-07,0.05199505870105478,0.043697991373968424,0.0002642266010856337,0.04343376477288279,0.139831931111048
2015-09-08,0.2157566388355887,0.08722903675568683,0.019741628535390535,0.10697066529107738,0.31409516663265347
2015-09-09,0.32812529685440683,0.2853324278222953,0.004109402445895193,0.28122302537640004,0.6103276826331661
2015-09-10,0.010426038817031118,0.005923518140140891,0.001850510393336224,0.004073007746804667,0.0051327153587667285
2015-09-11,0.47478490321700506,0.18916978559051345,0.014197257568460077,0.20336704315897358,0.46633325007564264
2015-09-12,0.4383353912789177,0.30532586982502585,0.000718986111326074,0.3046068837136998,0.529792850159126
2015-09-13,0.0,0.0,0.0,0.0,0.00021567439952409781
2015-09-14,0.10521020725144203,0.03465086736860677,0.0005486901772501538,0.034102177191356615,0.16033687805306085
2015-09-15,0.020193735638395174,0.02111785347974706,0.0015713891921676384,0.01954646428757942,0.022001266024031154
2015-09-16,0.0032353457551345726,0.0002933821537028511,0.00016669723393371283,0.00012668491976913825,0.02189753160104364
2015-09-17,0.03516816309631408,0.011363716827148367,0.0011034754946360476,0.010260241332512318,0.1000886303759581
2015-09-18,0.11403641468104732,0.06795314647933404,0.011406807524278976,0.07935995400361301,0.19342807740743093
2015-09-19,0.12446108452571812,0.08907635708243822,0.00011447989705794544,0.08896187718538028,0.1782593097271668
2015-09-20,0.01391571405175381,0.008497838958919875,0.013837844251840613,0.022335683210760487,0.005916497349753824
2015-09-21,1.8882008732318e-05,1.0364477565993204e-06,0.0,1.0364477565993204e-06,1.0712930723958446e-05
2015-09-22,0.0,0.0,0.0,0.0,0.0
2015-09-23,0.0142520889729371,0.00807672196957802,0.0013347157756722797,0.0094114377452503,0.02843110987544299
2015-09-24,0.01749898540474165,0.001193049584268311,0.00046650543938150756,0.0007265441448868037,0.03937008943328214
2015-09-25,0.004748244831513612,0.0026199462669757394,1.6357352613481786e-06,0.0026183105317143913,0.004943092048492815
2015-09-26,0.0028772783136415867,0.0007323022661841999,0.0003306494250195051,0.0004016528411646949,0.002974961290227448
2015-09-27,0.0055433525678554255,0.003048491561661258,0.001959905875021883,0.0050083974366831405,0.03079553308167727
2015-09-28,0.00117177991186378,0.004489703628385417,0.0013779842266936103,0.003111719401691807,0.004056415292621037
2015-09-29,0.012098943653165063,0.006161080875952956,0.00016773239170300927,0.005993348484249948,0.062463917907971754
2015-09-30,0.0011722003254616845,0.00010995222345148103,9.776316288784208e-05,0.0002077153863393232,0.001592463464970113
2015-10-01,0.007308546670404963,0.007589133549105895,0.003495273000573303,0.004093860548532592,0.009947875750666982
2015-10-02,0.0,0.0,0.0,0.0,0.0
2015-10-03,0.0022763749229301874,0.0003231143939884141,6.148395760436642e-05,0.0002616304363840477,7.52957385601499e-05
2015-10-04,0.016529815183296943,0.012602481004926879,0.005269188272202867,0.007333292732724012,0.012987969473848561
2015-10-05,0.03138541945220764,0.02812146932707242,0.008425788314923669,0.019695681012148747,0.03499582748633544
2015-10-06,0.004380234162522398,0.0014235895508831638,0.00039637539335443423,0.0010272141575287295,0.0046848719377040465
2015-10-07,0.025641728035305757,0.020115502311149995,0.0022327573039369426,0.017882745007213055,0.035224026589505575
2015-10-08,0.09536471329931605,0.05035497042476631,0.00010643200701906965,0.05046140243178538,0.12199162103677252
2015-10-09,0.0061892726419401165,0.00533718573770351,0.005340046333029996,2.8605953264859563e-06,0.0464111966877928
2015-10-10,0.016656962940991026,0.04040150459983082,0.0006142556838128984,0.04101576028364372,0.015678434498504014
2015-10-11,0.06420803729096371,0.0410802797130164,0.01121248213589191,0.05229276184890833,0.042925262010732
2015-10-12,0.014909339656386023,0.045058020146362884,0.017249013484415945,0.02780900666194695,0.010825669442361437
2015-10-13,0.005345766087083742,0.00035107105347952257,0.003714947536933039,0.0033638764834535186,0.015698700531714124
2015-10-14,0.010891440758075369,0.011678747064230662,0.000747340135870564,0.012426087200101226,0.008064554132624559
2015-10-15,0.005591017205879524,0.0016229644724855448,9.690532527993105e-05,0.0015260591472056138,0.006109647621319456
2015-10-16,0.006249381363441373,0.002701814183168829,0.004040582429225633,0.0013387682460568031,0.008761914969266161
2015-10-17,0.007653148464493483,0.0006081161075365379,9.53535798001567e-05,0.0005127625277363811,0.005146246415882391
2015-10-18,,,,,7.476003829968449e-05
2015-10-19,,,,,
2015-10-20,,,,,
2015-10-21,,,,,
2015-10-22,,,,,
2015-10-23,,,,,
2015-10-24,,,,,
2015-10-25,,,,,
2015-10-26,,,,,
2015-10-27,,,,,
2015-10-28,,,,,
2015-10-29,,,,,
2015-10-30,,,,,
2015-10-31,,,,,
2015-11-01,,,,,
2015-11-02,,,,,
2015-11-03,,,,,
2015-11-04,,,,,
2015-11-05,,,,,
2015-11-06,,,,,
2015-11-07,,,,,
2015-11-08,,,,,
2015-11-09,,,,,
2015-11-10,,,,,
2015-11-11,,,,,
2015-11-12,,,,,
2015-11-13,,,,,
2015-11-14,,,,,
2015-11-15,,,,,
2015-11-16,,,,,
2015-11-17,,,,,
2015-11-18,,,,,
2015-11-19,,,,,
2015-11-20,,,,,
2015-11-21,,,,,
2015-11-22,,,,,
2015-11-23,,,,,
2015-11-24,,,,,
2015-11-25,,,,,
2015-11-26,,,,,
2015-11-27,,,,,
2015-11-28,,,,,
2015-11-29,,,,,
2015-11-30,,,,,
2015-12-01,,,,,
2015-12-02,,,,,
2015-12-03,,,,,
2015-12-04,,,,,
2015-12-05,,,,,
2015-12-06,,,,,
2015-12-07,,,,,
2015-12-08,,,,,
2015-12-09,,,,,
2015-12-10,,,,,
2015-12-11,,,,,
2015-12-12,,,,,
2015-12-13,,,,,
2015-12-14,,,,,
2015-12-15,,,,,
2015-12-16,,,,,
2015-12-17,,,,,
2015-12-18,,,,,
2015-12-19,,,,,
2015-12-20,,,,,
2015-12-21,,,,,
2015-12-22,,,,,
2015-12-23,,,,,
2015-12-24,,,,,
2015-12-25,,,,,
2015-12-26,,,,,
2015-12-27,,,,,
2015-12-28,,,,,
2015-12-29,,,,,
2015-12-30,,,,,
2015-12-31,,,,,
2016-01-01,,,,,
2016-01-02,,,,,
2016-01-03,,,,,
2016-01-04,,,,,
2016-01-05,,,,,
2016-01-06,,,,,
2016-01-07,,,,,
2016-01-08,,,,,
2016-01-09,,,,,
2016-01-10,,,,,
2016-01-11,,,,,
2016-01-12,,,,,
2016-01-13,,,,,
2016-01-14,,,,,
2016-01-15,,,,,
2016-01-16,,,,,
2016-01-17,,,,,
2016-01-18,,,,,
2016-01-19,,,,,
2016-01-20,,,,,
2016-01-21,,,,,
2016-01-22,,,,,
2016-01-23,,,,,
2016-01-24,,,,,
2016-01-25,,,,,
2016-01-26,,,,,
2016-01-27,,,,,
2016-01-28,,,,,
2016-01-29,,,,,
2016-01-30,,,,,
2016-01-31,,,,,
2016-02-01,,,,,
2016-02-02,,,,,
2016-02-03,,,,,
2016-02-04,,,,,
2016-02-05,,,,,
2016-02-06,,,,,
2016-02-07,,,,,
2016-02-08,,,,,
2016-02-09,,,,,
2016-02-10,,,,,
2016-02-11,,,,,
2016-02-12,,,,,
2016-02-13,,,,,
2016-02-14,,,,,
2016-02-15,,,,,
2016-02-16,,,,,
2016-02-17,,,,,
2016-02-18,,,,,
2016-02-19,,,,,
2016-02-20,,,,,
2016-02-21,,,,,
2016-02-22,,,,,
2016-02-23,,,,,
2016-02-24,,,,,
2016-02-25,,,,,
2016-02-26,,,,,
2016-02-27,,,,,
2016-02-28,,,,,
2016-02-29,,,,,
2016-03-01,,,,,
2016-03-02,,,,,
2016-03-03,,,,,
2016-03-04,,,,,
2016-03-05,,,,,
2016-03-06,,,,,
2016-03-07,,,,,
2016-03-08,,,,,
2016-03-09,,,,,
2016-03-10,,,,,
2016-03-11,,,,,
2016-03-12,,,,,
2016-03-13,,,,,
2016-03-14,,,,,
2016-03-15,,,,,
2016-03-16,,,,,
2016-03-17,,,,,
2016-03-18,,,,,
2016-03-19,,,,,
2016-03-20,,,,,
2016-03-21,,,,,
2016-03-22,,,,,
2016-03-23,,,,,
2016-03-24,,,,,
2016-03-25,,,,,
2016-03-26,,,,,
2016-03-27,,,,,
2016-03-28,,,,,
2016-03-29,,,,,
2016-03-30,,,,,
2016-03-31,,,,,
2016-04-01,0.0,,,,0.0
2016-04-02,0.0,0.0,0.0,0.0,0.0
2016-04-03,0.0,0.0,0.0,0.0,0.0
2016-04-04,0.0,0.0,0.0,0.0,0.0
2016-04-05,0.0,0.0,0.0,0.0,0.0
2016-04-06,0.0,0.0,0.0,0.0,0.0
2016-04-07,0.0,0.0,0.0,0.0,0.0
2016-04-08,0.0,0.0,0.0,0.0,0.0
2016-04-09,0.0,0.0,0.0,0.0,0.0
2016-04-10,0.0,0.0,0.0,0.0,4.781085924613352e-06
2016-04-11,0.0,0.0,0.0,0.0,0.0
2016-04-12,0.0,0.0,0.0,0.0,0.0
2016-04-13,0.0,0.0,0.0,0.0,0.0
2016-04-14,0.0,0.0,0.0,0.0,0.0
2016-04-15,0.0,0.0,0.0,0.0,0.0
2016-04-16,0.0,0.0,0.0,0.0,0.0
2016-04-17,0.0,0.0,0.0,0.0,0.0
2016-04-18,0.005514824531169695,0.004647067809141343,0.0,0.004647067809141343,0.009117561502135737
2016-04-19,0.061817407023514334,0.0027640463466976906,0.00011114605156864944,0.002875192398266335,0.07166464792820833
2016-04-20,0.10914987262958889,0.08737654534133393,0.013298041343241133,0.0740785039980928,0.13135398808479082
2016-04-21,0.052457004958042154,0.03850474402014792,0.0004891874939548461,0.03899393151410277,0.06147792787137084
2016-04-22,0.031185743283682947,0.019058454787170272,0.0006545581915941524,0.018403896595576123,0.042144129467469954
2016-04-23,0.0844961488684711,0.030825334464267884,0.024213203368423194,0.006612131095844687,0.1168250633902342
2016-04-24,0.04019681387708334,0.03808818782521605,0.04592773706981284,0.007839549244596788,0.0699763677816583
2016-04-25,0.06190198018358081,0.00765463111461924,0.026611508166935395,0.034266139281554614,0.08988517355825279
2016-04-26,0.02359792832194528,0.05091602719261855,0.010836785440137886,0.04007924175248068,0.011321816959376514
2016-04-27,0.009418252778698587,0.022150662158041665,0.0025033628898684917,0.024654025047910165,0.019817221343335596
2016-04-28,0.0005528502813076413,0.00039547846819786866,8.026587828689936e-05,0.0004757443464847681,0.01280324637969926
2016-04-29,0.061771465179322485,0.07998258359220284,0.0036776806755873005,0.08366026426779016,0.08097411287774199
2016-04-30,0.07488437294556825,0.09712493436162477,0.06207500514532677,0.03504992921629801,0.06504919927195238
2016-05-01,0.05503004696466468,0.010825488871105807,0.001013870954096459,0.011839359825202267,0.10838915920241995
2016-05-02,6.964086880673905e-05,0.0,0.0,0.0,0.0013782736726806809
2016-05-03,0.0013561029723915953,0.0008594967867699275,1.6002588280189255e-05,0.0008754993750501166,0.001385074142845012
2016-05-04,0.06343579651473154,0.06992812543187607,2.944436497869337e-05,0.06989868106689738,0.06485155493078924
2016-05-05,0.048380781365882974,0.03882276995122508,0.005187591701919856,0.04401036165314498,0.0672109215736272
2016-05-06,0.10715827461737662,0.1532213691718594,0.013708498338395825,0.13951287083346336,0.16805342202179785
2016-05-07,0.0697329843991085,0.02843972349231136,0.04062077917761397,0.012181055685302616,0.1785446760634137
2016-05-08,0.04957848702589389,0.036990925191701746,0.006675001256010239,0.030315923935691498,0.0764313348449939
2016-05-09,0.02264317724487011,0.0360869278486729,0.00011691536681545545,0.036203843215488356,0.035145040886196584
2016-05-10,0.008188923169788266,0.0028159639338995214,0.0014037954586409833,0.0014121684752585381,0.015438981087582217
2016-05-11,0.005573272813209999,3.946238301867803e-05,1.391166239825496e-05,2.555072062042307e-05,0.008246328349217178
2016-05-12,0.010788380004575009,0.005715645938585073,0.00015108173636642537,0.005564564202218647,0.015705685714911953
2016-05-13,0.012112529754821022,0.047691487024383555,0.00015509136764092573,0.0478465783920245,0.0713907925550341
2016-05-14,0.5612271568036941,0.3634940825802927,0.05106049259277954,0.4145545751730722,0.6324495423416374
2016-05-15,0.00240750913904788,0.0025167051848041452,0.002314875140660919,0.00020183004414322644,0.001230652555489779
2016-05-16,0.15334596968141892,0.1267507373019363,0.006941255894582423,0.11980948140735387,0.17007337251608923
2016-05-17,0.08368372958721383,0.13633007368239008,0.0217726791800444,0.1145573945023457,0.02735608757243057
2016-05-18,0.070994391566846,0.1042327287649862,0.057609009121316945,0.04662371964366929,0.07347504991896121
2016-05-19,0.04092487743181024,0.08997268308481796,0.04161611967753107,0.04835656340728686,0.05128056933352781
2016-05-20,0.21917005472812523,0.176164662972628,0.01341670282037195,0.16274796015225618,0.22664743782837438
2016-05-21,0.38714315115215114,0.32352276380959116,0.1048481108790718,0.21867465293051935,0.37712186531265
2016-05-22,0.38758445603692315,0.33011982352445635,0.06946666728495472,0.2606531562395018,0.48805905932492866
2016-05-23,0.08218680074849362,0.043604981891060435,0.04793615933662422,0.09154114122768461,0.08300040060495192
2016-05-24,0.41622512339455053,0.1722506536540812,0.09589906104882549,0.26814971470290655,0.487170599120358
2016-05-25,0.6196735947272082,0.3412418559642605,0.006639782965508859,0.3478816389297693,0.5757079928509133
2016-05-26,0.006654526218529902,0.001180786692301233,0.0005722013031191663,0.0017529879954203992,0.012303502234925361
2016-05-27,0.2588234585804989,0.22907978323176392,0.0019049844714060778,0.22717479876035784,0.21263849819664654
2016-05-28,0.9517099086108554,0.5541161605284364,0.0673389620016046,0.48677719852683166,1.2371906750113164
2016-05-29,0.020435349976636034,0.02993477247306612,0.026970168626890497,0.0029646038461756223,0.07137434276716145
2016-05-30,0.036677085779864935,0.10581904548279414,0.020394665923126665,0.1262137114059208,0.004833897485186547
2016-05-31,0.17766744843459656,0.31518075354331393,0.042538741359465546,0.2726420121838484,0.15223496037200288
2016-06-01,0.010225481985300728,0.007985094874897604,0.00016260658049122652,0.007822488294406377,0.03382670870908453
2016-06-02,0.2495662482700164,0.023328784135736802,0.0034936536620486817,0.02682243779778537,0.2747971581740519
2016-06-03,0.3569772436796,0.24955762362580813,0.018689918666376534,0.2682475422921847,0.30418418388174817
2016-06-04,0.7696302306561589,0.33528195483947765,0.021892043257379763,0.31338991158209795,0.7352154622869999
2016-06-05,0.7725930101681481,0.3831929009725785,0.014498952227559129,0.3686939487450196,0.914342641644356
2016-06-06,1.0109341189063032,0.6871018406490276,0.22386965150240135,0.46323218914662645,0.8472296522077877
2016-06-07,0.5188354346598216,0.40293852011346676,0.04458964956927585,0.35834887054419107,0.6563799002187068
2016-06-08,0.1359159308964407,0.04578300516667644,0.018282274464961897,0.06406527963163844,0.16340200951404454
2016-06-09,1.2655717443658594,0.7136344818219877,0.07890070309862625,0.6347337787233611,1.4736440625035858
2016-06-10,1.4059890552865821,0.782473504549098,0.25406871846284707,0.5284047860862511,1.6029788170394106
2016-06-11,1.0661538445507843,0.7362563109888782,0.5096490823734632,0.22660722861541482,1.1797766551326008
2016-06-12,0.817267971299087,0.5370883982110075,0.3964517699746165,0.14063662823639067,0.9617468472432567
2016-06-13,1.2037722602437313,0.5915792586077027,0.4275466338607718,0.1640326247469308,1.1549351873828257
2016-06-14,1.029854960382605,0.1367118819943142,0.045724244728883784,0.18243612672319798,0.8996335973368277
2016-06-15,0.10977788278628338,0.05836979383023003,0.0909620111851332,0.1493318050153632,0.44979626768831554
2016-06-16,0.20167170353742617,0.2079484560935842,0.0021812057794843454,0.21012966187306853,0.00863281515242384
2016-06-17,0.6108453473547343,0.3653893539122799,0.06765329087667957,0.2977360630356003,0.6421884321809748
2016-06-18,0.12482960683787053,0.47835866469548616,0.07799318023461754,0.5563518449301035,1.072698227180798
2016-06-19,0.8773452712709188,0.28328399983739283,0.06163584396400145,0.2216481558733916,1.1402532055232797
2016-06-20,0.844982857406861,0.6540172688556347,0.2652795366898991,0.3887377321657355,1.0008714166288382
2016-06-21,0.04140155565876184,0.09669620397269074,0.1880148597904628,0.09131865581777188,0.04995490673170522
2016-06-22,1.166020629637381,0.751214568932459,0.13554076323798997,0.6156738056944691,1.2787726711406389
2016-06-23,0.6776850214469238,0.6189726217049185,0.2735104804588848,0.34546214124603347,0.8786733110772618
2016-06-24,1.0451837941057593,0.36429294970846904,0.06347148543228436,0.3008214642761847,0.9493273301027965
2016-06-25,0.012647070895912467,0.011423076673297047,0.0011888678853050616,0.012611944558602107,0.020924274730792156
2016-06-26,0.379134617520546,0.08324040478819317,0.050904986011079636,0.032335418777113656,0.524378618256691
2016-06-27,0.7775167360274776,0.37225954792053284,0.09600791842557785,0.2762516294949551,0.7860244701158365
2016-06-28,0.4292198459992351,0.2859769798121321,0.262367584919167,0.023609394892964986,0.5007471285105229
2016-06-29,0.07318859724390708,0.35982734919639175,0.3030098177326267,0.056817531463765114,0.22486054454610302
2016-06-30,0.9053262993608928,0.6315988380196885,0.016143526342256194,0.6477423643619448,1.0277512716251462
2016-07-01,0.3289589401246522,0.11229727303068923,0.014225528293913287,0.1265228013246025,0.5018592926245654
2016-07-02,0.7165847803947417,0.21404752863555343,0.021333246138147285,0.23538077477370067,1.1485873856390878
2016-07-03,0.2930423096476541,0.23509087786331284,0.044572228284362976,0.2796631061476757,0.5503819222461663
2016-07-04,0.0797203123408502,0.2886626871969134,0.009967370104509626,0.27869531709240375,0.38725163569982474
2016-07-05,0.22817131490129527,0.15698370558578703,0.00033726516468549804,0.15664644042110154,0.34884418252203575
2016-07-06,0.2001768700920874,0.0024960991377867003,0.005221795075158478,0.0027256959373717082,0.11981538577022832
2016-07-07,0.25079913055995606,0.3682122293248287,0.001737844939110644,0.36647438438571805,0.45409918028989094
2016-07-08,0.13441400208894888,0.08520736618866764,0.009373765463554652,0.07583360072511292,0.7037844450486997
2016-07-09,0.09401979502240013,0.024682014975194087,0.0030741296943560263,0.02160788528083806,0.3815754780238419
2016-07-10,0.027643081984055545,0.09535674372072672,0.0013045124262707362,0.09666125614699744,0.47240460721386535
2016-07-11,1.058538041944169,0.45496292791836535,0.006661516791857364,0.4483014111265078,1.0832525532529786
2016-07-12,0.24254256049318257,0.1064942218676525,0.023816335050794994,0.13031055691844748,0.3232191221979581
2016-07-13,0.2863008930381496,0.09446395830246068,0.0015653691785933452,0.09602932748105408,0.003858194011753205
2016-07-14,0.970109557429524,0.6928998763278271,0.13126447523001364,0.5616354010978135,0.886109101953398
2016-07-15,1.0651892896668675,0.8111229561974103,0.1642579025768976,0.6468650536205123,0.9472200798941846
2016-07-16,0.7991396861509097,0.5917346247588045,0.12156293450576289,0.47017169025304156,0.7239283259455097
2016-07-17,0.5654519584791684,0.6718194422870307,0.48550111542303165,0.18631832686399907,0.6377715359156209
2016-07-18,0.7635422784300591,0.2135177509656777,0.1516552609695829,0.061862489996094894,0.7863338009429447
2016-07-19,0.5675036245217113,0.3818642594124211,0.11736660993883641,0.2644976494735847,0.6409631455026331
2016-07-20,0.7462222681044088,0.6656518762800184,0.18357163580607383,0.4820802404739444,0.6686320246986209
2016-07-21,0.8066064704563185,0.27428375228079127,0.07843605268990758,0.19584769959088355,0.9526681482235599
2016-07-22,1.318899101099942,0.7649169209912294,0.20234954754592427,0.5625673734453054,1.4695039162050523
2016-07-23,1.342515831171054,0.7407050942961492,0.11218579724217874,0.6285192970539705,1.4043226908350719
2016-07-24,1.141481123906865,0.6930384705066683,0.00728811713700421,0.6857503533696644,1.2243369828470716
2016-07-25,0.43317510277376037,0.5303540307688792,0.18975854473805692,0.34059548603082257,0.4802429414891515
2016-07-26,0.2924456373811283,0.7131271508743959,0.05440122205661302,0.7675283729310092,0.5945508943448622
2016-07-27,0.0007844354833609068,0.060700195685965824,0.005570581528160922,0.0551296141578049,0.10276173254721334
2016-07-28,0.04560562857829138,0.11684130622470712,0.03548775944827475,0.08135354677643258,0.13931903487116398
2016-07-29,0.14542947424582353,0.07804808092846582,0.010801648261022742,0.08884972918948852,0.309705888121415
2016-07-30,0.038098175346953284,0.2221861135777726,0.23824171794470078,0.01605560436692821,0.21847917617334783
2016-07-31,0.16710788229823118,0.19939067249439224,0.030647455710127464,0.1687432167842648,0.3633832762298844
2016-08-01,0.039246981311360056,0.04680403917047177,0.009883496115706594,0.05668753528617837,0.00046439676526449127
2016-08-02,0.36021565271613193,0.28297228838249244,0.012122695634063206,0.29509498401655565,0.38546743733510447
2016-08-03,0.080405557159832,0.003978463460810655,0.08507115153297154,0.08109268807216086,0.08146060703953355
2016-08-04,0.2662321362916394,0.008234484992475866,0.14541167551309508,0.15364616050557084,0.4551075298423146
2016-08-05,0.24139668827227737,0.2861287333568385,0.025753483663851277,0.31188221702068986,0.25569460311549175
2016-08-06,0.3062508239290643,0.19464707510957657,0.037779744294302184,0.23242681940387855,0.365964161755134
2016-08-07,0.1705867956167618,0.13404060785877148,0.013716596535486049,0.14775720439425744,0.24754916520805786
2016-08-08,0.02332747979338734,0.2808870641666461,0.2141434256663846,0.06674363850026144,0.05012134152090689
2016-08-09,0.2686082685338443,0.17699629422805208,0.00256908058306694,0.17956537481111912,0.28112354899366
2016-08-10,0.04901158435540911,0.06141389177773037,0.03978422750560409,0.021629664272126283,0.12732678133887743
2016-08-11,0.059756591136269646,0.01589982409558037,9.568053974810798e-05,0.015995504635328478,0.04162702758530158
2016-08-12,0.21950742419801256,0.25617673700506205,0.0018619340840464094,0.2543148029210156,0.22100246431165402
2016-08-13,0.025518336306333655,0.01712901822310131,0.002253728003942656,0.019382746227043945,0.15849136757108045
2016-08-14,0.30130939805442647,0.19718826158014977,0.004312945345475112,0.20150120692562493,0.5167718589662003
2016-08-15,0.30220738498619043,0.21534531562207515,0.020333880252883203,0.23567919587495834,0.3126934596720426
2016-08-16,0.08968259029456027,0.08726928339999264,0.0,0.08726928339999264,0.15354061380253203
2016-08-17,0.006382183634784905,0.06582387741316471,0.0006459832802136374,0.06646986069337836,0.2829636343729417
2016-08-18,0.25158238816257683,0.2542999985144012,0.018790031032445344,0.2730900295468466,0.3271346804861107
2016-08-19,0.06081097120191488,0.024818600695009407,0.002137062429937086,0.0226815382650723,0.07343045953737463
2016-08-20,0.10679611983324902,0.023497018119079838,0.009646008361547418,0.03314302648062728,0.1730789467725706
2016-08-21,0.16337010652493078,0.08624624237359427,0.017447256844967673,0.0687989855286266,0.19695006001706103
2016-08-22,0.17197423489416538,0.05953825194325832,0.0063396918292546785,0.053198560114003646,0.10978642109586878
2016-08-23,0.15374966284084507,0.0702890425334856,0.006150063470573476,0.07643910600405908,0.14020441212804405
2016-08-24,0.01926672587037858,0.05170097763333875,0.048503623888331265,0.0031973537450074767,0.09297895920981401
2016-08-25,0.1769582275640037,0.15165273798780798,0.0033959032757187578,0.1550486412635267,0.1586989981933329
2016-08-26,0.47299701413087625,0.3302364770605276,0.024502533411546353,0.354739010472074,0.618440214527467
2016-08-27,0.4336622759143842,0.14511839756466033,0.012667044449498815,0.15778544201415914,0.36338469274688195
2016-08-28,0.11881308018596393,0.24284354114391454,0.011276333687706142,0.2315672074562084,0.18964894275073269
2016-08-29,0.7084472987528214,0.3205732328000477,0.014308608879107797,0.3348818416791559,0.8798294300609719
2016-08-30,0.3353320018437367,0.1137152282045627,0.15117453420730334,0.264889762411866,0.5125215561378907
2016-08-31,0.07085906412521509,0.04778363488218203,0.00027461146567567827,0.04805824634785771,0.05897020323201018
2016-09-01,0.055755853871016295,0.05267723174249413,5.680319156555348e-05,0.05262042855092858,0.11103947777333101
2016-09-02,0.010821509484306907,0.019502581962314885,0.0014649075295814775,0.020967489491896363,0.23228755445752922
2016-09-03,0.2875887646626267,0.21189680386617316,0.0032523442907291234,0.20864445957544403,0.4842272512329578
2016-09-04,0.020842372251815316,0.015320347131585588,0.013830938717167184,0.0014894084144183584,0.11928883873472058
2016-09-05,0.07779980889908492,0.14435827711062477,0.1347205608614967,0.009637716249128125,0.07582341936724325
2016-09-06,0.33676330990605163,0.1448390795317261,0.028882587628456143,0.17372166716018217,0.35266570693696564
2016-09-07,0.1958934785081284,0.15690014410151454,0.020888144745072442,0.13601199935644215,0.23739936308016318
2016-09-08,0.058746675974453426,0.014503019357952951,0.011525424966490894,0.0029775943914620573,0.052781185283555146
2016-09-09,0.35891454108761367,0.08032816252407693,0.034435418630310625,0.11476358115438756,0.4243170484220275
2016-09-10,0.03492553517055212,0.02974507042116336,0.05016743095604312,0.020422360534879752,0.15336349668307575
2016-09-11,0.0686433939088314,0.052981226797670256,0.00378642453960416,0.04919480225806608,0.13425201191743769
2016-09-12,0.4159669609939649,0.00810374572734196,0.015298128309575991,0.023401874036917958,0.4141038695513308
2016-09-13,0.03959709136283866,0.012014984215244924,0.010051746835881255,0.00196323737936367,0.13382435689308528
2016-09-14,0.6384656098542549,0.21363132141733376,0.019830913916002432,0.23346223533333632,0.7525869671254263
2016-09-15,0.0514101135506387,0.01450291328397995,0.05403143151311234,0.06853434479709222,0.18127747959062174
2016-09-16,0.004527762800208779,0.10954809464793802,0.008824557698319354,0.10072353694961872,0.25737480330211926
2016-09-17,0.15603916728258355,0.06699658269944951,0.00475284636903174,0.07174942906848127,0.29938863278927
2016-09-18,0.211395750903123,0.0751354653725363,0.0013481643896618323,0.07378730098287448,0.28331635801416655
2016-09-19,0.13916659579046647,0.14319389230633728,0.002661534641992956,0.1405323576643443,0.4083590469519049
2016-09-20,0.16940621267555947,0.12293526393943982,0.0038962879859041353,0.11903897595353569,0.28711826171232757
2016-09-21,0.18668194029453086,0.09196793998296555,0.004757468923383346,0.0872104710595822,0.18742808676665257
2016-09-22,0.03415345852400194,0.008900815465215206,0.01104992639631646,0.0021491109311012613,0.008187901663419522
2016-09-23,0.04579316150229502,0.035659716096687,0.030613815257423828,0.0050459008392630955,0.12701769794289028
2016-09-24,0.13054167186363033,0.08596370434677703,0.0006824185522818337,0.08664612289905893,0.20048645758520395
2016-09-25,0.1278988064052012,0.046670458697343306,0.004652900310341447,0.051323359007684755,0.16256960121270994
2016-09-26,0.18123140473689298,0.06657223093704755,0.005785964232140814,0.07235819516918836,0.209332463770542
2016-09-27,0.18001553846221288,0.05129415018239851,0.007402682529247309,0.058696832711645816,0.21792338779268516
2016-09-28,0.031876503410029476,0.04502833690135544,0.00012303912889350104,0.045151376030248935,0.014910688807991424
2016-09-29,0.019492191943173254,0.003284562362951949,0.007160762519379542,0.0038762001564275925,0.029913436048320086
2016-09-30,0.0005882492475707925,0.0006582269173094925,0.0011156103981897628,0.0004573834808802705,0.0012345449547658835
2016-10-01,6.333942742303354e-05,0.00011973929128898646,0.00011973929128898646,0.0,9.57000057485438e-05
2016-10-02,0.0,0.0,0.0,0.0,0.0
2016-10-03,0.0,0.0,0.0,0.0,0.0
2016-10-04,1.9312345518317022e-05,4.390932555425728e-06,3.941075168667261e-06,4.4985738675846626e-07,8.812974169186943e-06
2016-10-05,0.00013557880514357943,0.00023788387422350138,0.00022816222212191482,9.721652101586566e-06,0.0001482876555523722
2016-10-06,0.0,0.0,0.0,0.0,6.299408106480345e-07
2016-10-07,0.0,0.0,0.0,0.0,0.0
2016-10-08,0.0,0.0,0.0,0.0,0.0
2016-10-09,0.0,6.177129208564554e-06,6.399559942183277e-06,2.2243073361872302e-07,0.0
2016-10-10,7.020801926512844e-05,0.0007713547451294289,0.0008741985180035353,0.00010284377287410643,1.4589486290839376e-05
2016-10-11,0.00022173984771184377,0.00017360387676997868,0.000234881308456782,6.127743168680335e-05,0.0002573765461226094
2016-10-12,4.140040348147551e-06,4.457320285574191e-06,1.9643588226339635e-05,2.4100908511913825e-05,3.8978106343479455e-06
2016-10-13,0.00030855606607840585,6.970379230695594e-05,5.952833070571409e-05,1.0175461601241836e-05,0.00031290314533861805
2016-10-14,0.0,,,,0.0
2016-10-15,,,,,
2016-10-16,,,,,
2016-10-17,,,,,
2016-10-18,,,,,
2016-10-19,,,,,
2016-10-20,,,,,
2016-10-21,,,,,
2016-10-22,,,,,
2016-10-23,,,,,
2016-10-24,,,,,
2016-10-25,,,,,
2016-10-26,,,,,
2016-10-27,,,,,
2016-10-28,,,,,
2016-10-29,,,,,
2016-10-30,,,,,
2016-10-31,,,,,
2016-11-01,,,,,
2016-11-02,,,,,
2016-11-03,,,,,
2016-11-04,,,,,
2016-11-05,,,,,
2016-11-06,,,,,
2016-11-07,,,,,
2016-11-08,,,,,
2016-11-09,,,,,
2016-11-10,,,,,
2016-11-11,,,,,
2016-11-12,,,,,
2016-11-13,,,,,
2016-11-14,,,,,
2016-11-15,,,,,
2016-11-16,,,,,
2016-11-17,,,,,
2016-11-18,,,,,
2016-11-19,,,,,
2016-11-20,,,,,
2016-11-21,,,,,
2016-11-22,,,,,
2016-11-23,,,,,
2016-11-24,,,,,
2016-11-25,,,,,
2016-11-26,,,,,
2016-11-27,,,,,
2016-11-28,,,,,
2016-11-29,,,,,
2016-11-30,,,,,
2016-12-01,,,,,
2016-12-02,,,,,
2016-12-03,,,,,
2016-12-04,,,,,
2016-12-05,,,,,
2016-12-06,,,,,
2016-12-07,,,,,
2016-12-08,,,,,
2016-12-09,,,,,
2016-12-10,,,,,
2016-12-11,,,,,
2016-12-12,,,,,
2016-12-13,,,,,
2016-12-14,,,,,
2016-12-15,,,,,
2016-12-16,,,,,
2016-12-17,,,,,
2016-12-18,,,,,
2016-12-19,,,,,
2016-12-20,,,,,
2016-12-21,,,,,
2016-12-22,,,,,
2016-12-23,,,,,
2016-12-24,,,,,
2016-12-25,,,,,
2016-12-26,,,,,
2016-12-27,,,,,
2016-12-28,,,,,
2016-12-29,,,,,
2016-12-30,,,,,
2016-12-31,,,,,
